{
	"class_name" : "PinholeCameraParameters",
	"extrinsic" : 
	[
		0.96154286919161103,
		0.14769020560366411,
		-0.2315662192020074,
		0.0,
		-0.072868122451485329,
		-0.67572525091253899,
		-0.7335431970985633,
		0.0,
		-0.26481228717180039,
		0.72220702603057929,
		-0.638976888560851,
		0.0,
		0.42435214620347589,
		-1.0837562703560717,
		2.5405943478748583,
		1.0
	],
	"intrinsic" : 
	{
		"height" : 600,
		"intrinsic_matrix" : 
		[
			519.6152422706632,
			0.0,
			0.0,
			0.0,
			519.6152422706632,
			0.0,
			399.5,
			299.5,
			1.0
		],
		"width" : 800
	},
	"version_major" : 1,
	"version_minor" : 0
}